id,filename,current_commit,parent_commit,old_status,new_status,status
c87dc9664113be4dfdff69da2a6b4461eed9e1aa#0,frontends/icsound/icsound test notebook.ipynb,c87dc9664113be4dfdff69da2a6b4461eed9e1aa,c0ad873237430fccce3bebff1d309af774ae43e5,success,ss,success
9af80554fa9b37040247bb958838d618ef074b7c#0,notebooks/02_model/lightfm_deep_dive.ipynb,9af80554fa9b37040247bb958838d618ef074b7c,04f3657ede0c14cc2073901e924990e394760ee2,success,ss,success
bb5389b11e2b5cb5a22679c1356fa80543239f2b#0,notebooks/00_quick_start/tfidf_covid.ipynb,bb5389b11e2b5cb5a22679c1356fa80543239f2b,775c25e3edab9c7cd9a03ffa4e1244b1c83489c2,success,ss,success
796c9ff7ee05daf856024f0a76ad80c8a7d4b881#0,notebooks/00_quick_start/als_movielens.ipynb,796c9ff7ee05daf856024f0a76ad80c8a7d4b881,47126e1927b82f8b8602c4ae36ae45dddb660525,success,ss,success
2295b6b7cf960a04b70f7cc43da07e037730a5b5#0,notebooks/00_quick_start/sar_movieratings_with_azureml_designer.ipynb,2295b6b7cf960a04b70f7cc43da07e037730a5b5,2c0c195c932cbeb768a70c3d2265924d016abe2b,success,ss,success
52cd2f862851856c82786034913e079ef89e9400#0,notebooks/05_operationalize/als_movie_o16n.ipynb,52cd2f862851856c82786034913e079ef89e9400,51c7fa8bdfbaac491c1786799e8f85418627fc9c,success,ss,success
b51a59185b43d4ec81d7180a92c94700967afa08#0,notebooks/05_operationalize/als_movie_o16n.ipynb,b51a59185b43d4ec81d7180a92c94700967afa08,8b09e747e5f6321095d8d9a07a9b265a04a55319,success,ss,success
b43ced82363f2ef5aa7074c98180e870d318bff3#0,notebooks/05_operationalize/als_movie_o16n.ipynb,b43ced82363f2ef5aa7074c98180e870d318bff3,acab9ce6adb29a0f7619c1794d062112c189f7df,success,ss,success
a5f39f903c0e88ef426e9f336fee5b5c520d0715#0,notebooks/01_prepare_data/wikidata_KG.ipynb,a5f39f903c0e88ef426e9f336fee5b5c520d0715,d9060ff39755270515db4744a89da68fd7de3d22,success,ss,success
dfacd89c0ba1f4bf72b48e43d8262fd88192148e#0,notebooks/01_prepare_data/wikidata_KG.ipynb,dfacd89c0ba1f4bf72b48e43d8262fd88192148e,16cfcd2304e666ebca252347f9faf2898156d514,success,ss,success
279bdb2fbfbe54ab446e33501d5400b4583df66d#1,notebooks/04_model_select_and_optimize/azureml_hyperdrive_wide_and_deep.ipynb,279bdb2fbfbe54ab446e33501d5400b4583df66d,0da9486f63b5648a8a3f3142aa91d79c6a552951,success,ss,success
3169ba7b1301885ebeff774220313df433fedbb3#1,notebooks/02_model/ncf_deep_dive.ipynb,3169ba7b1301885ebeff774220313df433fedbb3,3752b2ecae5f49a42b223d4c527b209196538a88,success,ss,success
267892423634ee2e78de20942df4dc93b6c03241#0,notebooks/02_model/ncf_deep_dive.ipynb,267892423634ee2e78de20942df4dc93b6c03241,bfb34a9ab169252451913dfdb5e16cc17513f647,success,ss,success
a2548c10c0889f11d2b16737df86977f86a624df#0,notebooks/05_operationalize/aks_locust_load_test.ipynb,a2548c10c0889f11d2b16737df86977f86a624df,e6530e51ca4d2f0942b27cf05da09b99b09413df,success,ss,success
f2bb36b95e3d9db0c75d02c8143b413242ea6726#0,notebooks/05_operationalize/aks_locust_load_test.ipynb,f2bb36b95e3d9db0c75d02c8143b413242ea6726,b8121ddc68606dae90dfb26097492db8bdf4c372,success,ss,success
53926bc31f6120c9d8ab9c567cb43ee3dd1a65db#0,notebooks/00_quick_start/wide_deep_movielens.ipynb,53926bc31f6120c9d8ab9c567cb43ee3dd1a65db,8feba891b9fc66c4c254f12c6ead9a6ceaee321f,success,ss,success
d61df9c372c4d2a4e701ae2450a7098844d38b79#0,notebooks/00_quick_start/run_notebook_on_azureml.ipynb,d61df9c372c4d2a4e701ae2450a7098844d38b79,43239372d9bb88bc91413ecbafaa1216ae6f7e50,success,ss,success
314a5b2f4407c9dc26e8624ac9d279d1b524209b#0,notebooks/05_operationalize/lightgbm_criteo_o16n.ipynb,314a5b2f4407c9dc26e8624ac9d279d1b524209b,c8de8f21a4112171286c2eea6e1b82c2feaf2719,success,ss,success
ce6069edb938dae8f5a2eeb0d3d28cbb61402f26#0,notebooks/05_operationalize/lightgbm_criteo_o16n.ipynb,ce6069edb938dae8f5a2eeb0d3d28cbb61402f26,3bfed72ccf594ac279ceea383d4a493c585a0631,success,ss,success
fb2f8c8c8770eb72fd47ad6220729ad180f5a826#0,notebooks/04_model_select_and_optimize/nni_surprise_svd.ipynb,fb2f8c8c8770eb72fd47ad6220729ad180f5a826,690122fc420c80a50a7c7c805240d3b04392de96,success,ss,success
b96ffbfbec69503d3ce19b661bab56fcb0653d04#0,notebooks/00_quick_start/sar_movielens_with_azureml.ipynb,b96ffbfbec69503d3ce19b661bab56fcb0653d04,8bc76fdc9bce8fa4886b9f7b40cd61cd90f424a8,success,ss,success
6528a0cd888f0a0f1c25f95bacacb427869cf156#0,notebooks/00_quick_start/sar_movielens_with_azureml.ipynb,6528a0cd888f0a0f1c25f95bacacb427869cf156,8b1720856ede4514331105f2f3d80c1af27c1d47,success,ss,success
68b126c75415960e4b64242890d2b06a41941e73#0,notebooks/00_quick_start/sar_movielens_with_azureml.ipynb,68b126c75415960e4b64242890d2b06a41941e73,c8adf3bcaa6e551c2e90464c7c7d8b20ee523691,success,ss,success
fb642b6eec92d0fcc16e791f20cc91206f35b7ba#0,notebooks/00_quick_start/sar_movielens_with_azureml.ipynb,fb642b6eec92d0fcc16e791f20cc91206f35b7ba,7239f9edc99b13626918917793328ab8bb57a5eb,success,ss,success
90286eaa02f1723c54eb16cc2559a86abd832472#0,notebooks/02_model/mmlspark_lightgbm_criteo.ipynb,90286eaa02f1723c54eb16cc2559a86abd832472,4a4bb009d5d6b449190b8ed2767b82ee73975f72,success,ss,success
412cc8de5b7372b55e703ecac85524be163b4221#0,notebooks/04_model_select_and_optimize/nni_surprise_svd.ipynb,412cc8de5b7372b55e703ecac85524be163b4221,3b26c8046a15a12d8623ca6348c825ba97b9dc90,success,ss,success
a0566017b69395b98add3eb37be885a60f6186b7#0,notebooks/04_model_select_and_optimize/azureml_hyperdrive_tuning_svd.ipynb,a0566017b69395b98add3eb37be885a60f6186b7,52cd23ce5f7c0f6d3e435bcf9ac392593d90651a,success,ss,success
58ae95116f248763891278135f1ea1f0dbddd1aa#0,notebooks/02_model/lightgbm_estimate_criteo_dac.ipynb,58ae95116f248763891278135f1ea1f0dbddd1aa,bb986bc0c9773976eacd982e20820a22edb0ddaa,success,ss,success
7e22731cb5706563bdc87c80e03e25374deb7d6d#0,notebooks/02_model/lightgbm_estimate_criteo_dac.ipynb,7e22731cb5706563bdc87c80e03e25374deb7d6d,e59d1fdc7b2718da75a35179da8201ece2706db3,success,ss,success
d91ab96fb9acb4e3e053c07e879891c808dfc4cf#0,notebooks/04_model_select_and_optimize/hypertune_spark_deep_dive.ipynb,d91ab96fb9acb4e3e053c07e879891c808dfc4cf,fa4b930310c07be19f13564f7edca70eab96f253,success,ss,success
8e69c8cd363512b38edbc30617eabb6fdc760095#0,notebooks/02_model/lightgbm_estimate_criteo_dac.ipynb,8e69c8cd363512b38edbc30617eabb6fdc760095,e2d17a80e5909114419ff9175023ec952131176f,success,ss,success
1328068be4ff0fdeca09e43b8bd0320375404936#0,notebooks/02_model/vowpal_wabbit_deep_dive.ipynb,1328068be4ff0fdeca09e43b8bd0320375404936,21e66d4267735c6e08c7d0ff68ed278088148e45,success,ss,success
a74a80413b5ae51eb3add336514352219b76e1e2#0,notebooks/00_quick_start/wide_deep_movielens.ipynb,a74a80413b5ae51eb3add336514352219b76e1e2,dd42db84fbb3b2a041643567125a46bbde2ffd1f,success,ss,success
ffcf4c7384c1a38971a1439dfbac20d95a73ce00#1,notebooks/04_model_select_and_optimize/hypertune_aml_wide_and_deep_quickstart.ipynb,ffcf4c7384c1a38971a1439dfbac20d95a73ce00,72c9216f691c731e24e1e5567787c4a0b53bc5fc,success,ss,success
a02a089a5c413a7313f369f484537b613dd8dad0#0,notebooks/00_quick_start/wide_deep_model_movielens.ipynb,a02a089a5c413a7313f369f484537b613dd8dad0,d19d71145ee5ad3682be7136f03700def9ffc93a,success,ss,success
a02a089a5c413a7313f369f484537b613dd8dad0#1,notebooks/04_model_select_and_optimize/aml_hyperparameter_tuning.ipynb,a02a089a5c413a7313f369f484537b613dd8dad0,d19d71145ee5ad3682be7136f03700def9ffc93a,success,ss,success
62bde140f7444be4474618cc710399164912f888#0,notebooks/00_quick_start/wide_deep_model_movielens.ipynb,62bde140f7444be4474618cc710399164912f888,4487855024ae60d0f37344411f6b2e789731d961,success,ss,success
62bde140f7444be4474618cc710399164912f888#1,notebooks/04_model_select_and_optimize/aml_hyperparameter_tuning.ipynb,62bde140f7444be4474618cc710399164912f888,4487855024ae60d0f37344411f6b2e789731d961,success,ss,success
94c09d712131991ffa20cd0e09eca0a5074fd6b4#2,notebooks/00_quick_start/rbm_movielens.ipynb,94c09d712131991ffa20cd0e09eca0a5074fd6b4,1d6edd66320191f95e35f92733d4dc8235b6be87,success,ss,success
dcb537c62ff080fe4c709c45a23b9b0f60a40b12#0,notebooks/02_model/vowpal_wabbit_deep_dive.ipynb,dcb537c62ff080fe4c709c45a23b9b0f60a40b12,5566cde43e7d4cdb63b14a558c534117eafdbbb6,success,ss,success
d08d8c6cb4a3d08922fef4d7f38d0f1ffc6c752b#0,notebooks/02_model/vowpal_wabbit_deep_dive.ipynb,d08d8c6cb4a3d08922fef4d7f38d0f1ffc6c752b,e7997645cebc0f10af1f912c39684998d7a97db0,success,ss,success
d79b6aee4c651015040cbe3f67ead936d26facbb#0,notebooks/02_model/ncf_deep_dive.ipynb,d79b6aee4c651015040cbe3f67ead936d26facbb,f84b8d49e5d4044565d00b4afc01e62db5eef70a,success,ss,success
42b2fe88a776587f5eac6a25befa5ebea74d09cc#0,notebooks/00_quick_start/wide_deep_model_movielens.ipynb,42b2fe88a776587f5eac6a25befa5ebea74d09cc,6fcf7239ea9cdf7f9c32630374a4688e70b881a0,success,ss,success
5ab9c55d6a76e8f7175420fd5bf59412e0f20b80#0,notebooks/00_quick_start/wide_deep_model_movielens.ipynb,5ab9c55d6a76e8f7175420fd5bf59412e0f20b80,8180dea99129d9c935fb4eb4997611bc6586dfda,success,ss,success
e83ecb4287d604a1b695b49e477f59c85c9c6d57#0,notebooks/05_operationalize/create_and_configure_cluster.ipynb,e83ecb4287d604a1b695b49e477f59c85c9c6d57,7cba799f18dcb1a46dc0531a953b3fdb131581df,success,ss,success
2a76cbc9bf02ef2257f67fd3861f8c5662331b59#2,notebooks/00_quick_start/sar_single_node_movielens.ipynb,2a76cbc9bf02ef2257f67fd3861f8c5662331b59,f18f156e14877a46d6643904d65bd994f91c1f6b,success,ss,success
2a76cbc9bf02ef2257f67fd3861f8c5662331b59#7,notebooks/02_model/ncf_deep_dive.ipynb,2a76cbc9bf02ef2257f67fd3861f8c5662331b59,f18f156e14877a46d6643904d65bd994f91c1f6b,success,ss,success
2a76cbc9bf02ef2257f67fd3861f8c5662331b59#14,notebooks/template.ipynb,2a76cbc9bf02ef2257f67fd3861f8c5662331b59,f18f156e14877a46d6643904d65bd994f91c1f6b,success,ss,success
caabe7c1f484d2eb93aafcfdf9491f7a2ac4cba0#11,notebooks/04_operationalize/als_movie_o16n.ipynb,caabe7c1f484d2eb93aafcfdf9491f7a2ac4cba0,ff208c61fc141ffa0e814af203aa4a3095c3171e,success,ss,success
870bc1dd81432ded97b3ddfa8c7de3a14069a705#0,notebooks/02_model/hyper_parameter_tuning.ipynb,870bc1dd81432ded97b3ddfa8c7de3a14069a705,7a03faa47124a0f9eb64c2b9f46bcb667c79c514,success,ss,success
163c12167ce15bc7a20e9fbbf2448733a6fc8553#0,notebooks/02_model/rbm_deep_dive.ipynb,163c12167ce15bc7a20e9fbbf2448733a6fc8553,3686719efc7124cf60bba760a96242f6a14480d2,success,ss,success
27617f8d0788ab204a2ba98f0cb265486f1aeaab#0,notebooks/01_prepare_data/data_transform.ipynb,27617f8d0788ab204a2ba98f0cb265486f1aeaab,d7de85bc55fa17ff0298d1ab244f6977839e6bbe,success,ss,success
f7716e6b09a1ccc73d0a080e73049a27a2a48dd9#0,notebooks/02_model/surprise_svd_deep_dive.ipynb,f7716e6b09a1ccc73d0a080e73049a27a2a48dd9,81929b76813a73be6da55d638fdc019655ab4ef6,success,ss,success
8631adb66b7aba266e0caacb7fe66715a2d4a57f#0,notebooks/02_model/surprise_svd_deep_dive.ipynb,8631adb66b7aba266e0caacb7fe66715a2d4a57f,35a8cfa5b6d82a4092c120955d75675200bb650a,success,ss,success
d9e1dfe673dae3348c075de9086199c5b1fd74ca#0,notebooks/00_quick_start/sar_single_node_movielens.ipynb,d9e1dfe673dae3348c075de9086199c5b1fd74ca,8808a084ea2b1095fe6f4489913976226c7232d9,success,ss,success
48769d2f682fb326987713a8d8793cd0c9e5c714#0,notebooks/00_quick_start/sar_single_node_movielens.ipynb,48769d2f682fb326987713a8d8793cd0c9e5c714,676d1c4f20b0fc3d9ce3b13602ad79751724fe25,success,ss,success
48769d2f682fb326987713a8d8793cd0c9e5c714#1,notebooks/02_modeling/surprise_svd_deep_dive.ipynb,48769d2f682fb326987713a8d8793cd0c9e5c714,676d1c4f20b0fc3d9ce3b13602ad79751724fe25,success,ss,success
3ea7cf02d03f4c4dbe1590033273ab5c4ca8dbc3#0,notebooks/01_data/data_split.ipynb,3ea7cf02d03f4c4dbe1590033273ab5c4ca8dbc3,b28718718eccfc18ea6ec92bac1ada82f1727311,success,ss,success
28de14c8ad010d39dd5fe1207914e6e2467c6faa#0,notebooks/02_modeling/als_deep_dive.ipynb,28de14c8ad010d39dd5fe1207914e6e2467c6faa,ef6546180c733c42093ff53aaf131b0759ffef89,success,ss,success
e89d4f0b96d399f8e108d28e7778e6c28743519f#0,notebooks/02_modeling/surprise_svd_deep_dive.ipynb,e89d4f0b96d399f8e108d28e7778e6c28743519f,6f775c250c53f1cd75324fb7e25acbd406f93d78,success,ss,success
5178d1cfe6af80c0b7b6cebdcfa04f44a57a876c#0,notebooks/02_modeling/sar_deep_dive.ipynb,5178d1cfe6af80c0b7b6cebdcfa04f44a57a876c,060a071a8e667556a7833ac2b478316bf0e60f73,success,ss,success
e658736a015bb19b94584a6c69025536ed666964#0,notebooks/02_modeling/als_deep_dive.ipynb,e658736a015bb19b94584a6c69025536ed666964,469af4b389b7cc1ab86ea6d73c27e608a9775660,success,ss,success
789206a3c0facff2871149c94a7b2500b3f1c032#0,notebooks/00_quick_start/sar_python_cpu_movielens.ipynb,789206a3c0facff2871149c94a7b2500b3f1c032,8cbf3c999d2613c1d197fb0e3fe5a04e3acbe4cf,success,ss,success
57d109a6abbfd6cb554c710defccc09cf595acc9#0,notebooks/00_quick_start/sar_pyspark_movielens.ipynb,57d109a6abbfd6cb554c710defccc09cf595acc9,31aed02e3d5df42e4070ef435bf441fcde81bce8,success,ss,success
17e790280dc01a0345af0abde7fb529fbf0b34c4#0,notebooks/03_evaluate/evaluation.ipynb,17e790280dc01a0345af0abde7fb529fbf0b34c4,b31052b69940e2a1860bf8fe85fef374dae456ae,success,ss,success
c98ef6fc299aaf769a13258c0c0079a7c228432a#1,notebooks/02_modeling/sar_educational_walkthrough.ipynb,c98ef6fc299aaf769a13258c0c0079a7c228432a,3139604e4379747a739d97a5f91b29ec26715224,success,ss,success
3139604e4379747a739d97a5f91b29ec26715224#1,notebooks/02_modeling/sar_educational_walkthrough.ipynb,3139604e4379747a739d97a5f91b29ec26715224,6384e22fba3a7b5b7712284602c1663140dc3058,success,ss,success
d25bdf76d8e7504298b590b225e8b02a4b70ed21#0,examples/deeplearning/notebooks/deeplearning_tensorflow_cat_dog_mouse_lenet.ipynb,d25bdf76d8e7504298b590b225e8b02a4b70ed21,e6e05a5ce8ae6db56accfa4f4fe25838c329b899,success,ss,success
06874d9cd4e537dc5f2118b2134e076c68ff5844#0,examples/deeplearning/notebooks/deeplearning_benchmark_mnist.ipynb,06874d9cd4e537dc5f2118b2134e076c68ff5844,88d333e09d52ce042f1b5c0e03bfcb2d93652dea,success,ss,success
9fa3eceaf326e0bea9f1b18150f825a202698ce5#0,examples/deeplearning/notebooks/deeplearning_mxnet_cifar10.ipynb,9fa3eceaf326e0bea9f1b18150f825a202698ce5,f44cc33493ab629b8050a5ecf7a4fb0be87cd968,success,ss,success
af632b387ca30059f4ef8dc70c372ba27710df93#0,h2o-docs/src/product/tutorials/gbm/gbmTuning.ipynb,af632b387ca30059f4ef8dc70c372ba27710df93,140ba38fefca88d0d2e809b8c3f2d510225a8c33,success,ss,success
72477b9a7d22818d0143eba1aab47326aebbbea3#0,h2o-docs/src/product/tutorials/gbm/gbmTuning.ipynb,72477b9a7d22818d0143eba1aab47326aebbbea3,f78b65b15e8dd3f1d6be487a360f50b09ba52c9f,success,ss,success
54cad9db0c9170dd0640e7f27ff1bad81bff9c2d#0,h2o-py/demos/H2O_tutorial_medium.ipynb,54cad9db0c9170dd0640e7f27ff1bad81bff9c2d,5a2ca4be7cbc9a2e8189d08a31746c0ade0eedba,success,ss,success
19ab94b13e013a23258100f8358801db86ad675e#14,h2o-py/demos/confusion_DEPRECATED_matrices_binomial.ipynb,19ab94b13e013a23258100f8358801db86ad675e,0dfbd184b1b7e9c3769817059057afc7397b6cb2,success,ss,success
19ab94b13e013a23258100f8358801db86ad675e#15,h2o-py/demos/confusion_matrices_binomial.ipynb,19ab94b13e013a23258100f8358801db86ad675e,0dfbd184b1b7e9c3769817059057afc7397b6cb2,success,ss,success
91fd4def9f2c481cc91e6572c35b2a7dd710dd10#1,h2o-py/demos/glrm_census_large.ipynb,91fd4def9f2c481cc91e6572c35b2a7dd710dd10,3e4bff04edf2d5cbfecf5fbbcc887890b84bc531,success,ss,success
5408539f72c3725c54c721a1c84ee93ba958d888#0,h2o-py/demos/glrm_census_large.ipynb,5408539f72c3725c54c721a1c84ee93ba958d888,99329a50664a0585dd507da930a4974d059cbd20,success,ss,success
6e1e0854c84d7a0613c4f303dd522d088a045ae3#0,h2o-py/demos/H2O_tutorial.ipynb,6e1e0854c84d7a0613c4f303dd522d088a045ae3,c33b4deddaf4aeaf7b7938105ce19a49c7d8b559,success,ss,success
43c9b82ab463e712910d1353013d499684021858#1,h2o-py/demos/citi_bike_small.ipynb,43c9b82ab463e712910d1353013d499684021858,4ba8c5e77e1764782620647bfdff720414c6f194,success,ss,success
2e03db4635a1fbda1afc01bbbb49647eff9602d4#0,2 - Autoawait in IPython.ipynb,2e03db4635a1fbda1afc01bbbb49647eff9602d4,e117b1fe819b1711ac6a340d552564730bd10900,success,ss,success
95de4c01ea723142cd96c01db07be67cb8daac92#0,PmagPy_online.ipynb,95de4c01ea723142cd96c01db07be67cb8daac92,949416a7d5f949f201fb343fdd59f37e36ea5189,success,ss,success
c74baad5354cf0f158ab86a2236e73664b6d1923#1,PmagPy_MagIC.ipynb,c74baad5354cf0f158ab86a2236e73664b6d1923,03fcf652a2dd698e352ce1e464a7c6170c9d3b9a,success,ss,success
9ffd3eaf8f47a94fefa55c0d19712bf1f73ddee1#1,data_files/iodp_magic/.ipynb_checkpoints/U999A-checkpoint.ipynb,9ffd3eaf8f47a94fefa55c0d19712bf1f73ddee1,82840b7581fff7035a129e4e623e977c9363dc7e,success,ss,success
a64b87b63bb7540728ebf494b65b6c36a1b43291#0,PmagPy-cli.ipynb,a64b87b63bb7540728ebf494b65b6c36a1b43291,3ebb92c4ee3bdb8a771eff36c20f04db50f1cf0f,success,ss,success
a64b87b63bb7540728ebf494b65b6c36a1b43291#4,PmagPy_plots_analysis.ipynb,a64b87b63bb7540728ebf494b65b6c36a1b43291,3ebb92c4ee3bdb8a771eff36c20f04db50f1cf0f,success,ss,success
a80c889e7a63e964b9077f168c0835417137b221#0,PmagPy-cli.ipynb,a80c889e7a63e964b9077f168c0835417137b221,0d0fe03df6fa07f4817bcdb8a6a272c482f06350,success,ss,success
a80c889e7a63e964b9077f168c0835417137b221#4,PmagPy_plots_analysis.ipynb,a80c889e7a63e964b9077f168c0835417137b221,0d0fe03df6fa07f4817bcdb8a6a272c482f06350,success,ss,success
3a3b17b2f53cb43e760e2c4ad54bb1484d9e06cd#0,PmagPy-cli.ipynb,3a3b17b2f53cb43e760e2c4ad54bb1484d9e06cd,4046d94268a0e5e559af4fcf97e5439118d52cb7,success,ss,success
3a3b17b2f53cb43e760e2c4ad54bb1484d9e06cd#1,PmagPy.ipynb,3a3b17b2f53cb43e760e2c4ad54bb1484d9e06cd,4046d94268a0e5e559af4fcf97e5439118d52cb7,success,ss,success
352f288bbbe3c3f87dc971f9e25319cc63c4f985#1,PmagPy.ipynb,352f288bbbe3c3f87dc971f9e25319cc63c4f985,b79065354c43cea4bd71c2e5e2662db34f986336,success,ss,success
4a52cd32aaad00781d0e835a24d07309cc26c81c#0,PmagPy-cli.ipynb,4a52cd32aaad00781d0e835a24d07309cc26c81c,7598e9e379285c03f4450be71d494f9f0ecfb8ae,success,ss,success
a8967399f9cc3103e74c7af3cade5a0533e579eb#0,PmagPy-cli.ipynb,a8967399f9cc3103e74c7af3cade5a0533e579eb,d360bb198ed364ee46df84cda8c38593af7b76a0,success,ss,success
d5cb4de4c66cf54f159232c3f51dc557dc282fd8#0,PmagPy-cli.ipynb,d5cb4de4c66cf54f159232c3f51dc557dc282fd8,bab7e6434d1e9ba715da687ffb0157c875ac2fd6,success,ss,success
8b82fd190b506816b7b3960df8d9ea58e05615a6#1,PmagPy.ipynb,8b82fd190b506816b7b3960df8d9ea58e05615a6,3cdd05a0fbc33ebe82a3392b6fd60e8127f4440a,success,ss,success
77f98a19af0bbd4a48ac1f631c7e76cb44707c45#0,PmagPy-cli.ipynb,77f98a19af0bbd4a48ac1f631c7e76cb44707c45,0953ea3c6b70e58a095fc296be1b53ecf0d2e441,success,ss,success
c2fbebfa57b8fe95fae763aa299caac90443969d#0,PmagPy-cli.ipynb,c2fbebfa57b8fe95fae763aa299caac90443969d,333d2ef3d0ef7172e76e83b6dfd9a47b9b3209b8,success,ss,success
68dda3e925892881e5bfd8773592e7dfe312d867#0,prediction-intervals/prediction_intervals.ipynb,68dda3e925892881e5bfd8773592e7dfe312d867,30a91c0dc61f587f2fe5640deec8fb8ea06ad3f5,success,ss,success
3b294faeeb90057741e96d4c0e8650d76c197a71#0,poisson/asteroid-impacts-poisson.ipynb,3b294faeeb90057741e96d4c0e8650d76c197a71,f9caf4e60bccab4ff5bcfda1b46158591e8a72ac,success,ss,success
f9caf4e60bccab4ff5bcfda1b46158591e8a72ac#0,poisson/asteroid-impacts-poisson.ipynb,f9caf4e60bccab4ff5bcfda1b46158591e8a72ac,c100d9c7e1a94a6919ac61fc1f1b8ad4b89c53fe,success,ss,success
f5fb7d13401f2bba82165f2657ea344ec9cdea24#0,poisson/asteroid-impacts-poisson.ipynb,f5fb7d13401f2bba82165f2657ea344ec9cdea24,3f31309de6a2c05494aed5fbc67afedf7c337a1e,success,ss,success
120e2fab0fa4d5fbfe4f527a2971d860fffb3035#0,widgets/Widgets Overview.ipynb,120e2fab0fa4d5fbfe4f527a2971d860fffb3035,3c15e874cd046e095787db7950797e22a6227ab5,success,ss,success
7a7457cfb1fd1b1b07edf6e8831989302084df59#0,poisson/poisson.ipynb,7a7457cfb1fd1b1b07edf6e8831989302084df59,37a1db67edf792c9ac7718c1bad39884430de9d8,success,ss,success
32730e4d9f10401db0f77886fc93d417174dcefb#0,plotly/Plotly Intro.ipynb,32730e4d9f10401db0f77886fc93d417174dcefb,97bbb688257460625c32f8bb65ee2f2c410a0d07,success,ss,success
42af1df7746821893028ee49e52a6060f35d18c4#0,medium/Medium Stats Analysis.ipynb,42af1df7746821893028ee49e52a6060f35d18c4,f10625a6df6c732c293d886594496e2802a17f5a,success,ss,success
267ac79cdc6f0b60c0dc334983ad8c0970a7b5da#1,medium/Medium Stats Analysis.ipynb,267ac79cdc6f0b60c0dc334983ad8c0970a7b5da,fa23532a873441ae00e8763cda8a31a3f39083e8,success,ss,success
2a174e9848b1aca55d907606e4e52e00ad8dfefe#0,plotly/plotly-intermediate-time-series.ipynb,2a174e9848b1aca55d907606e4e52e00ad8dfefe,4296aa8ffe7d7b607ee2e33af16a944b0b1dfc23,success,ss,success
23244de92fcb59bd92b120df05595902fe3a897a#0,plotly/plotly-time-series.ipynb,23244de92fcb59bd92b120df05595902fe3a897a,95aee25efca856b8dc3a246d095b066d512893ec,success,ss,success
15ebdadc4977926ee2eed820e3c168e1aba7fd8a#0,slack_interaction/Interacting with Slack.ipynb,15ebdadc4977926ee2eed820e3c168e1aba7fd8a,54e8a069d25b49735459560cbf1a4f4887ba3b3f,success,ss,success
94fd16fff52002dbb106dd0a7e44ca075117045e#0,slack_interaction/Slack Integration.ipynb,94fd16fff52002dbb106dd0a7e44ca075117045e,8e8a847760bcaa59af68e7d0577dcb2e4b7fe82d,success,ss,success
d3c87c2f29c6260d1ebddb9e1414ca839d37a5bc#0,statistics/Investigating Data.ipynb,d3c87c2f29c6260d1ebddb9e1414ca839d37a5bc,7ae4ab14a9db4682952949ae415785a2b4c7593f,success,ss,success
13368040a9d198b11608f3ecaa627a1956fa58b6#0,statistics/Investigating Data.ipynb,13368040a9d198b11608f3ecaa627a1956fa58b6,70147b61c9fe75a95193f7ff8c922e1f29c276bf,success,ss,success
6012c3d1b2062b135f81d8cb9b9d22dcab5e553a#0,statistics/Simpson's Paradox.ipynb,6012c3d1b2062b135f81d8cb9b9d22dcab5e553a,235c879f3e66b57b317a162ea50ef14438b849b3,success,ss,success
628b6a3c8e5320291ee2c083e38d32a21734e127#0,bayesian_lr/Bayesian Linear Regression Project.ipynb,628b6a3c8e5320291ee2c083e38d32a21734e127,5305363044a6cdfa5c4deb39d02fe5261cd7e3b9,success,ss,success
0ccbf25fce26b756abe8908531ad5827c4a43183#0,univariate_dist/Histogram and Density Plot.ipynb,0ccbf25fce26b756abe8908531ad5827c4a43183,8f8ab8c0cc2d08a80af9136d71743ae7f62c1d0b,success,ss,success
a37b3bddc35ef0f44af23f9aec17c939a72ceb3b#0,over_vs_under/Over vs Under Fitting Example.ipynb,a37b3bddc35ef0f44af23f9aec17c939a72ceb3b,36d10c3ea47c70c418c5712472d4db39acea1fe4,success,ss,success
9f5ac35dbfe431f7cb6cd8ddb94eb8fe8b4a31be#0,stocker/Stocker Prediction Usage.ipynb,9f5ac35dbfe431f7cb6cd8ddb94eb8fe8b4a31be,36d77d5275cbc82d29e347019c9be0cd353d1a44,success,ss,success
ead86450656be0346076aac4431e7f10c26cf167#0,additive_models/Stock Explorer Class.ipynb,ead86450656be0346076aac4431e7f10c26cf167,ac48a683e1af406477cffafcede7fec8f5d6a505,success,ss,success
ac48a683e1af406477cffafcede7fec8f5d6a505#0,additive_models/Stock Explorer Class.ipynb,ac48a683e1af406477cffafcede7fec8f5d6a505,6a8d6f4c899c6721d43325e0257fecba06c5baa7,success,ss,success
f27ad4541b447840ea7dbe45aeb27dfe267fcc2a#0,additive_models/Stock Prediction with Additive Models.ipynb,f27ad4541b447840ea7dbe45aeb27dfe267fcc2a,5c1488d22c104a117069fc7aa077da3b440bd196,success,ss,success
22ae6e519581338b11986721e63743c693af10cd#0,random_forest_explained/Random Forest Explained.ipynb,22ae6e519581338b11986721e63743c693af10cd,0678daa052acd28d4418eb6dcd3d4fabb25e2554,success,ss,success
b240dd74f2591fd95eb291dc01f92758c85e8289#1,tensorflow_examples/lite/model_maker/demo/text_classification.ipynb,b240dd74f2591fd95eb291dc01f92758c85e8289,445d41a23fc65b56dcecfc84284231153b9e00e1,success,ss,success
036117caae91ede4783cb0797273128d203e56aa#9,courses/udacity_intro_to_tensorflow_for_deep_learning/l06c02_exercise_flowers_with_transfer_learning.ipynb,036117caae91ede4783cb0797273128d203e56aa,5351bd4e1d4067e2a007b410495200c4bcf3fe61,success,ss,success
036117caae91ede4783cb0797273128d203e56aa#18,courses/udacity_intro_to_tensorflow_for_deep_learning/l08c07_forecasting_with_stateful_rnn.ipynb,036117caae91ede4783cb0797273128d203e56aa,5351bd4e1d4067e2a007b410495200c4bcf3fe61,success,ss,success
729752738613a3642b5ddff0425f98a49f8924b4#6,courses/udacity_intro_to_tensorflow_for_deep_learning/l06c03_exercise_flowers_with_transfer_learning_solution.ipynb,729752738613a3642b5ddff0425f98a49f8924b4,2a3dbce07630b3318f7b250325051af1d868f261,success,ss,success
7fb5b8718d4daa0fc4ec70c436fd23173ce3257e#0,community/en/swift/open_spiel/T01_RandomMazeWalk.ipynb,7fb5b8718d4daa0fc4ec70c436fd23173ce3257e,91a5b2f43ab8adc576886a05f33ecb0299beab49,success,ss,success
105085fea9b425d8de46ca1e1e76de6ea20a81ec#0,courses/udacity_intro_to_tensorflow_for_deep_learning/l05c03_exercise_flowers_with_data_augmentation.ipynb,105085fea9b425d8de46ca1e1e76de6ea20a81ec,1c5ecd877bb5b16abefd0244e5cedf2730316d02,success,ss,success
90c8dcfa6c4a6d2c1365b1293bfebf3cdb084312#0,community/en/neural_style_transfer/neural_style_transfer.ipynb,90c8dcfa6c4a6d2c1365b1293bfebf3cdb084312,da9d11967aa2266967f89504ba90e63fea7f8058,success,ss,success
25583993ea208da9ce9d4b0f5530c35a58a4d85b#0,3_regularization.ipynb,25583993ea208da9ce9d4b0f5530c35a58a4d85b,3f5b0e52d7a27290a4df28563ee3bf75e4935ca7,success,ss,success
6f899dcbce9660dc6ddcd1ed87c9e084dffc8e5c#0,1_notmnist.ipynb,6f899dcbce9660dc6ddcd1ed87c9e084dffc8e5c,2fa89971448e0204e9adf1969fc3bdc40e4504de,success,ss,success
771667984b4c90168e981c365477b790e081fc00#2,6_lstm.ipynb,771667984b4c90168e981c365477b790e081fc00,c62b5923524f19b16264bfafaaf7e65d82c310fb,success,ss,success
22b32aab155dcfa5ebf10d4b86f125039811bd5d#0,docs_src/data_block.ipynb,22b32aab155dcfa5ebf10d4b86f125039811bd5d,b1902a9f700ae8c8c56ec4c329851ce563290721,success,ss,success
82e8d22a6a6315f982a750789086c863a2ee5c89#4,docs_src/data_block.ipynb,82e8d22a6a6315f982a750789086c863a2ee5c89,f89e59bc2f9baa1551f252b3f84fb5ecea71a20c,success,ss,success
cc5ed2e3515467ac0a03cd047d79b623406048b5#0,docs_src/widgets.image_cleaner.ipynb,cc5ed2e3515467ac0a03cd047d79b623406048b5,824892d84edd50f757e2a698ea7d5235c3ccfc77,success,ss,success
de1b552b0556e86f18b61cdf23ba03317b30cfb6#4,docs_src/metrics.ipynb,de1b552b0556e86f18b61cdf23ba03317b30cfb6,3e92a9d775d64212a7423e5f8df34152c97e138c,success,ss,success
927e4a82ef102eed5f97c204e162ca4b512002f9#18,docs_src/data_block.ipynb,927e4a82ef102eed5f97c204e162ca4b512002f9,bd9bc96e05d464a0a4ed8719947fe941d7875e4c,success,ss,success
927e4a82ef102eed5f97c204e162ca4b512002f9#36,docs_src/text.interpret.ipynb,927e4a82ef102eed5f97c204e162ca4b512002f9,bd9bc96e05d464a0a4ed8719947fe941d7875e4c,success,ss,success
4222c2d95533755d12592bd392bf6c68fa3e30b0#38,docs_src/text.learner.ipynb,4222c2d95533755d12592bd392bf6c68fa3e30b0,052ae09ece21cce82b4f3601a517a4b31eca0f9f,success,ss,success
4222c2d95533755d12592bd392bf6c68fa3e30b0#45,docs_src/tutorial.inference.ipynb,4222c2d95533755d12592bd392bf6c68fa3e30b0,052ae09ece21cce82b4f3601a517a4b31eca0f9f,success,ss,success
44e05b4e57dd553155a2860360a55dbd95e94fde#8,docs_src/text.learner.ipynb,44e05b4e57dd553155a2860360a55dbd95e94fde,dec7643b09b531ec92c70badb7b4ba3800aa71f5,success,ss,success
dec7643b09b531ec92c70badb7b4ba3800aa71f5#0,docs_src/text.data.ipynb,dec7643b09b531ec92c70badb7b4ba3800aa71f5,dd1c7db284751034a530f9ee3c4df75de151f13d,success,ss,success
7895034df91c526de3e5c98a9deb9566b1fe192e#2,docs_src/text.learner.ipynb,7895034df91c526de3e5c98a9deb9566b1fe192e,2e92e015c79c44370b0c422364bf3c53c97e62ef,success,ss,success
c19a744b1d5b49fd99d695cb2217d92a3d95ac05#0,docs_src/data_block.ipynb,c19a744b1d5b49fd99d695cb2217d92a3d95ac05,37acd2d93157a5974bf1b2ac0755885686033c63,success,ss,success
6da16c3e551f888c33289fad817b1ea603b639e0#2,docs_src/train.ipynb,6da16c3e551f888c33289fad817b1ea603b639e0,5665771e60d5d427b85a4c5fab6176e129dfc52a,success,ss,success
ff8c3d81be4060a14b6e12d738b72a803b60848f#0,docs_src/data_block.ipynb,ff8c3d81be4060a14b6e12d738b72a803b60848f,e1fbb9a6d2d6efb54e8b27d6aef4a5ccddfc8fb8,success,ss,success
b9ae5782b7d00336a491bcdc733b05a91c43b119#0,docs_src/data_block.ipynb,b9ae5782b7d00336a491bcdc733b05a91c43b119,fa1b0b451eb284bd782b218a0b1f29a9ecc8c46c,success,ss,success
d6e918942cf51d5e23fe570a1b7edcca5af84b2b#2,docs_src/widgets.image_cleaner.ipynb,d6e918942cf51d5e23fe570a1b7edcca5af84b2b,2d204a30815ae09fb744e039f5d3c9bb6569493a,success,ss,success
d02f1971dac0f82b6b2446c0ef7a34500d885fed#15,docs_src/utils.mem.ipynb,d02f1971dac0f82b6b2446c0ef7a34500d885fed,255ebe536659a70d7b09dc0d5831fd6331bf6253,success,ss,success
35b640d45963967e8b0202e7223c054d56f3b1e4#6,docs_src/torch_core.ipynb,35b640d45963967e8b0202e7223c054d56f3b1e4,256e9c1664e0445afc2b0c869582ff158a6f5226,success,ss,success
7e4ca3f39d06c83f712d9bc83dde207204764d05#3,docs_src/data_block.ipynb,7e4ca3f39d06c83f712d9bc83dde207204764d05,18bbc0f742b17600ac40e47dcd7ed00694984410,success,ss,success
cfe689f0022769e7804ab2980e7f6151cb221b24#19,docs_src/widgets.image_cleaner.ipynb,cfe689f0022769e7804ab2980e7f6151cb221b24,f8931f085b04c4c7fdc89146b4619391e71756e1,success,ss,success
d50549a5db65793bbdb34de2bad2c7527b47c3d4#6,docs_src/core.ipynb,d50549a5db65793bbdb34de2bad2c7527b47c3d4,4f14a5fffac8e72c098dee6d8f1236712d05bf67,success,ss,success
d50549a5db65793bbdb34de2bad2c7527b47c3d4#9,docs_src/gen_doc.nbtest.ipynb,d50549a5db65793bbdb34de2bad2c7527b47c3d4,4f14a5fffac8e72c098dee6d8f1236712d05bf67,success,ss,success
d50549a5db65793bbdb34de2bad2c7527b47c3d4#10,docs_src/metrics.ipynb,d50549a5db65793bbdb34de2bad2c7527b47c3d4,4f14a5fffac8e72c098dee6d8f1236712d05bf67,success,ss,success
d50549a5db65793bbdb34de2bad2c7527b47c3d4#19,docs_src/widgets.image_cleaner.ipynb,d50549a5db65793bbdb34de2bad2c7527b47c3d4,4f14a5fffac8e72c098dee6d8f1236712d05bf67,success,ss,success
ab95a91ee84f6214281661f3a4b74b8dd13311b4#26,docs_src/widgets.image_cleaner.ipynb,ab95a91ee84f6214281661f3a4b74b8dd13311b4,f98749462c339e11ed9324d8fdc5e6fd25794d7a,success,ss,success
b785fe51ab0566f3ee87b1378647a6f3d0329d1e#4,docs_src/widgets.image_cleaner.ipynb,b785fe51ab0566f3ee87b1378647a6f3d0329d1e,8a2aa9b9562589791ef9b7bf028676d9764412cf,success,ss,success
2e99e9ead29f830df6333c32f78ba4168e88f6c7#4,docs_src/data_block.ipynb,2e99e9ead29f830df6333c32f78ba4168e88f6c7,276a30c74456e70d176b8b931f401f500a3065fa,success,ss,success
2e99e9ead29f830df6333c32f78ba4168e88f6c7#11,docs_src/vision.ipynb,2e99e9ead29f830df6333c32f78ba4168e88f6c7,276a30c74456e70d176b8b931f401f500a3065fa,success,ss,success
76c18e9efed6ca77023abb5f5dd8a991114c3b14#27,docs_src/text.data.ipynb,76c18e9efed6ca77023abb5f5dd8a991114c3b14,7b741f9dfd76bb6b799378ac1ed709d2105cf60e,success,ss,success
6e9bb9b46a65fd720edca9f67fbde627e1a8628c#15,docs_src/data_block.ipynb,6e9bb9b46a65fd720edca9f67fbde627e1a8628c,ef30c6c39e69053e62e82d7265104cd2d5a486e6,success,ss,success
6e9bb9b46a65fd720edca9f67fbde627e1a8628c#41,docs_src/widgets.image_cleaner.ipynb,6e9bb9b46a65fd720edca9f67fbde627e1a8628c,ef30c6c39e69053e62e82d7265104cd2d5a486e6,success,ss,success
0185ae02974116b237fff2d584b20102ee23624d#0,docs_src/utils.mem.ipynb,0185ae02974116b237fff2d584b20102ee23624d,d292b54d2ec54cf2aee49a457e5ae30ee53cfa44,success,ss,success
352d71d9c025fecbb40092062101ba5515fe232e#0,docs_src/utils.mem.ipynb,352d71d9c025fecbb40092062101ba5515fe232e,267bff6169a25a94dba6c3f69ca7102f8c0054f1,success,ss,success
39c120c4bcee2ed7e3191f62a2b8858e85af89c3#3,docs_src/train.ipynb,39c120c4bcee2ed7e3191f62a2b8858e85af89c3,4f10c25ab61c2743fb4fbc732051f8178341625b,success,ss,success
dd7d0bc5d8114f3ea1d5ca1658280775aacc94a4#17,docs_src/train.ipynb,dd7d0bc5d8114f3ea1d5ca1658280775aacc94a4,79826f5d4af2c3baa4a2cccd9d83c9e7606900da,success,ss,success
dd7d0bc5d8114f3ea1d5ca1658280775aacc94a4#20,docs_src/vision.image.ipynb,dd7d0bc5d8114f3ea1d5ca1658280775aacc94a4,79826f5d4af2c3baa4a2cccd9d83c9e7606900da,success,ss,success
6ae4f12cd91af27cb990893c48a5046acbdb181e#0,docs_src/utils.mem.ipynb,6ae4f12cd91af27cb990893c48a5046acbdb181e,68643b5ded9894fbeeecbc9cea58b64dbece35e8,success,ss,success
b5f0c79d7d1a45168023d61d6e4aeb97008436b9#5,docs_src/text.models.ipynb,b5f0c79d7d1a45168023d61d6e4aeb97008436b9,6ba17b21599a6fc441794ffd130bc31b5333b4a0,success,ss,success
8102d200a1f4795c3190993c2160bdae02931a85#16,docs_src/widgets.image_cleaner.ipynb,8102d200a1f4795c3190993c2160bdae02931a85,957ed4b1d4f7fa21fffa7e9aee793f7a5cd094f2,success,ss,success
a588eff25cc1dc55e5713bf3f24c77f5b63cc9b9#0,docs_src/data_block.ipynb,a588eff25cc1dc55e5713bf3f24c77f5b63cc9b9,bb4371bdafee24499138c675659074b46163ac03,success,ss,success
1757d664c9134789f7c281545698fbb685e73563#51,docs_src/widgets.image_cleaner.ipynb,1757d664c9134789f7c281545698fbb685e73563,d15db81fe037e26f2f3b96be8d9b878594b720c7,success,ss,success
a177b29acf4db663b5e956e3f0536e0615939264#0,docs_src/vision.transform.ipynb,a177b29acf4db663b5e956e3f0536e0615939264,ca1146a24fcbc2aa5fab2e60f987d8f46054316b,success,ss,success
c119b52c0e4c3f0b6f602e983fbe2503075a5748#0,docs_src/vision.transform.ipynb,c119b52c0e4c3f0b6f602e983fbe2503075a5748,4d827fae854131bc5bd6e61b0edd161b70d26d9b,success,ss,success
f34fa8160e0132e3b1a2032d07b36b0882e9dfb4#24,docs_src/widgets.image_cleaner.ipynb,f34fa8160e0132e3b1a2032d07b36b0882e9dfb4,dc9c8fb4f3215de4aaa3d96be212461e490e34dc,success,ss,success
cdd06e38332b04e4dd3af927cb0ff4549c82a52b#2,docs_src/callbacks.tracker.ipynb,cdd06e38332b04e4dd3af927cb0ff4549c82a52b,fa0a6d205bf0b259b77254d9affc3d58b005bd8e,success,ss,success
cdd06e38332b04e4dd3af927cb0ff4549c82a52b#3,docs_src/data_block.ipynb,cdd06e38332b04e4dd3af927cb0ff4549c82a52b,fa0a6d205bf0b259b77254d9affc3d58b005bd8e,success,ss,success
fa0a6d205bf0b259b77254d9affc3d58b005bd8e#12,docs_src/text.ipynb,fa0a6d205bf0b259b77254d9affc3d58b005bd8e,7b98447b25fc0b8ad439af61fde8293b64694229,success,ss,success
f6f7065f08c59238805732f22de68c483eb7db5b#31,docs_src/tabular.transform.ipynb,f6f7065f08c59238805732f22de68c483eb7db5b,ec437160b4e3554e6c919c394de1543f8fe0c1b8,success,ss,success
b8c14bb556efd26bd7ba4e4f6f51a4a494166cbc#14,docs_src/data_block.ipynb,b8c14bb556efd26bd7ba4e4f6f51a4a494166cbc,1feb4a864b1d018dc4345851c46531b94b94ac28,success,ss,success
cc94c963f78e6a14d56b52e4e24bb6e657b12deb#9,docs_src/metrics.ipynb,cc94c963f78e6a14d56b52e4e24bb6e657b12deb,b6957b7da0fe606a76fcc8eed77be0e64804ff4b,success,ss,success
cc94c963f78e6a14d56b52e4e24bb6e657b12deb#14,docs_src/vision.data.ipynb,cc94c963f78e6a14d56b52e4e24bb6e657b12deb,b6957b7da0fe606a76fcc8eed77be0e64804ff4b,success,ss,success
a913af737fbb2e98f89cbcd5ae0e6a8269777859#37,courses/dl2/style-transfer-net.ipynb,a913af737fbb2e98f89cbcd5ae0e6a8269777859,fe3b1cebc208d76ffdf15c80ed2e52fc90dabbda,success,ss,success
a913af737fbb2e98f89cbcd5ae0e6a8269777859#41,courses/dl2/wgan.ipynb,a913af737fbb2e98f89cbcd5ae0e6a8269777859,fe3b1cebc208d76ffdf15c80ed2e52fc90dabbda,success,ss,success
d7dd5ec789111dbbb95bb81483859aaa971e28f6#0,docs_src/tutorial.inference.ipynb,d7dd5ec789111dbbb95bb81483859aaa971e28f6,8f317a698c07ff082f21f0669b49eb5e620437f0,success,ss,success
8f317a698c07ff082f21f0669b49eb5e620437f0#0,docs_src/tutorial.inference.ipynb,8f317a698c07ff082f21f0669b49eb5e620437f0,c410e96ea17697ba4c5aadb89e079b5fb6ba2f87,success,ss,success
b28d9eb39b42468721b1358832a5538f8a98ad2d#0,docs_src/data_block.ipynb,b28d9eb39b42468721b1358832a5538f8a98ad2d,c1522b89c61d5db17b0fc4086b664204dcfe7d5d,success,ss,success
b28d9eb39b42468721b1358832a5538f8a98ad2d#2,docs_src/widgets.image_cleaner.ipynb,b28d9eb39b42468721b1358832a5538f8a98ad2d,c1522b89c61d5db17b0fc4086b664204dcfe7d5d,success,ss,success
6bfc57a2b2956f29b3dedfd5feee4ab63d04fe99#24,docs_src/tabular.transform.ipynb,6bfc57a2b2956f29b3dedfd5feee4ab63d04fe99,f7a4421dfde026b61696d1d414b9b61f92237b38,success,ss,success
d9eb10fd7978e1ce2c879ed8c7fa7a8af1c2fabd#3,docs_src/callbacks.ipynb,d9eb10fd7978e1ce2c879ed8c7fa7a8af1c2fabd,a0ac73c11268c6be66addea23b41d33f9d3de01d,success,ss,success
d9eb10fd7978e1ce2c879ed8c7fa7a8af1c2fabd#6,docs_src/core.ipynb,d9eb10fd7978e1ce2c879ed8c7fa7a8af1c2fabd,a0ac73c11268c6be66addea23b41d33f9d3de01d,success,ss,success
d9eb10fd7978e1ce2c879ed8c7fa7a8af1c2fabd#8,docs_src/tabular.data.ipynb,d9eb10fd7978e1ce2c879ed8c7fa7a8af1c2fabd,a0ac73c11268c6be66addea23b41d33f9d3de01d,success,ss,success
d9eb10fd7978e1ce2c879ed8c7fa7a8af1c2fabd#12,docs_src/vision.data.ipynb,d9eb10fd7978e1ce2c879ed8c7fa7a8af1c2fabd,a0ac73c11268c6be66addea23b41d33f9d3de01d,success,ss,success
6ff47993adcf92ee524740e8e4c55c391d670f51#5,docs_src/core.ipynb,6ff47993adcf92ee524740e8e4c55c391d670f51,f47b03c7a647de2387bded60e6940ca9784139a8,success,ss,success
18d17f4ac3c7b1c75d7a574eddc99389b2fa06b3#19,docs_src/text.data.ipynb,18d17f4ac3c7b1c75d7a574eddc99389b2fa06b3,5347264db27b471dc9292a6d2fb49999edb3392c,success,ss,success
f1fdf375d0e5f93bd65dc9d60fc3430c882870e2#0,docs_src/callbacks.general_sched.ipynb,f1fdf375d0e5f93bd65dc9d60fc3430c882870e2,ce586a9152d5abe7a7f3e076a6f8d359aac0e2af,success,ss,success
08238e63aa6d970391c7062741f25dfd081dae25#0,docs_src/widgets.ipynb,08238e63aa6d970391c7062741f25dfd081dae25,7b1a1684d4870761f97906f027b00a7dc54121a0,success,ss,success
68134bb77e580e428463f9cf579d978d51b5800c#6,docs_src/vision.gan.ipynb,68134bb77e580e428463f9cf579d978d51b5800c,20f90a457aad660ddaa962819a49363203986cc1,success,ss,success
68134bb77e580e428463f9cf579d978d51b5800c#7,docs_src/vision.image.ipynb,68134bb77e580e428463f9cf579d978d51b5800c,20f90a457aad660ddaa962819a49363203986cc1,success,ss,success
68134bb77e580e428463f9cf579d978d51b5800c#10,docs_src/vision.models.ipynb,68134bb77e580e428463f9cf579d978d51b5800c,20f90a457aad660ddaa962819a49363203986cc1,success,ss,success
8664a862e726bd19f0b9036bfda81288566e714f#0,docs_src/torch_core.ipynb,8664a862e726bd19f0b9036bfda81288566e714f,d22bc506642576be1b5273282f4da35d2bcf05bd,success,ss,success
d22bc506642576be1b5273282f4da35d2bcf05bd#0,docs_src/text.data.ipynb,d22bc506642576be1b5273282f4da35d2bcf05bd,61439d5257cc9f628217d2b1a20a412ef13eac83,success,ss,success
d22bc506642576be1b5273282f4da35d2bcf05bd#3,docs_src/text.models.ipynb,d22bc506642576be1b5273282f4da35d2bcf05bd,61439d5257cc9f628217d2b1a20a412ef13eac83,success,ss,success
2b9115a37bfdc8d42ccc7d4d2462ce0353b1cd7a#0,docs_src/metrics.ipynb,2b9115a37bfdc8d42ccc7d4d2462ce0353b1cd7a,75e03ec7f91f040233296779afafab07831214a0,success,ss,success
2b9115a37bfdc8d42ccc7d4d2462ce0353b1cd7a#4,docs_src/tabular.transform.ipynb,2b9115a37bfdc8d42ccc7d4d2462ce0353b1cd7a,75e03ec7f91f040233296779afafab07831214a0,success,ss,success
3fd0af84b6dadd0be604d34716a316b7cdfeff07#0,docs_src/data_block.ipynb,3fd0af84b6dadd0be604d34716a316b7cdfeff07,20381a9f6da925674109960bdc6c67c92650f90b,success,ss,success
b751575ac32f3006e100e3fd992567dc94e1f79d#5,docs_src/callbacks.hooks.ipynb,b751575ac32f3006e100e3fd992567dc94e1f79d,1333a81708ab2d8c6ba50a0f61669f5d14c90cf8,success,ss,success
b751575ac32f3006e100e3fd992567dc94e1f79d#11,docs_src/callbacks.tracker.ipynb,b751575ac32f3006e100e3fd992567dc94e1f79d,1333a81708ab2d8c6ba50a0f61669f5d14c90cf8,success,ss,success
80f8f3bc67947148ca1d860404e053e9b01cdbc8#1,docs_src/basic_train.ipynb,80f8f3bc67947148ca1d860404e053e9b01cdbc8,5c8356b6af7e907a13209f5f1d8b9da2efb84720,success,ss,success
5c8356b6af7e907a13209f5f1d8b9da2efb84720#1,docs_src/vision.data.ipynb,5c8356b6af7e907a13209f5f1d8b9da2efb84720,236a1f9c65636c826511cb5ce0d34baeec783fe6,success,ss,success
10ba928cc5030416e3c976232fa3ab6522e37143#2,docs_src/callback.ipynb,10ba928cc5030416e3c976232fa3ab6522e37143,e95abef5150cafe1c850fd157d1257dbfea93d5d,success,ss,success
fc67a495bff3ea9c4b2abcae07b1223ce07bafdb#0,docs_src/basic_data.ipynb,fc67a495bff3ea9c4b2abcae07b1223ce07bafdb,4d5d26381f7c504b67549f25b12f51562a4ecd50,success,ss,success
b711e01f28b47dec1e185afab956481d462aefc2#0,docs_src/data_block.ipynb,b711e01f28b47dec1e185afab956481d462aefc2,9b6c894125da3ad863aa3aaf8f7e357b029ae899,success,ss,success
200deb5d68366eeb53a1e48a0c89a70e0a4ce6a1#5,docs_src/data_block.ipynb,200deb5d68366eeb53a1e48a0c89a70e0a4ce6a1,96afde44e70b0756dd2867af37bf4d9116fcedd5,success,ss,success
200deb5d68366eeb53a1e48a0c89a70e0a4ce6a1#6,docs_src/layers.ipynb,200deb5d68366eeb53a1e48a0c89a70e0a4ce6a1,96afde44e70b0756dd2867af37bf4d9116fcedd5,success,ss,success
1eca8b796e92ea4227dfc6059c819d761b90d55b#1,docs_src/tutorial.itemlist.ipynb,1eca8b796e92ea4227dfc6059c819d761b90d55b,eeddfde65ddb463688bf275265d7691052c12bf1,success,ss,success
4e3fd2de943638f0a8ac8bb1153b507820aa3168#11,docs_src/vision.image.ipynb,4e3fd2de943638f0a8ac8bb1153b507820aa3168,321637cda9ea4e9af9b3f5eb1eed8d5e6b5123a8,success,ss,success
53ac6f1b9d6878536c4decd226fd0a5b1e2e2bf4#11,docs_src/tutorial.data.ipynb,53ac6f1b9d6878536c4decd226fd0a5b1e2e2bf4,17ab600b4d530bca07e12100470fde9f505fdf38,success,ss,success
42d5d485daff61f6231a3f1221af6577246bc85b#0,docs_src/layers.ipynb,42d5d485daff61f6231a3f1221af6577246bc85b,b8d28a4deeff70a7cd0dc6868afbe8a2d9bb03d7,success,ss,success
43c4bfdd241ece3a0355f59609dde979bfeb5106#1,docs_src/data_block.ipynb,43c4bfdd241ece3a0355f59609dde979bfeb5106,df14f91f242b47e5afe00c86d9336072f4d52fba,success,ss,success
9b488d4ce4b150f84e71f2a6d78c3d7685cb0200#2,docs_src/vision.learner.ipynb,9b488d4ce4b150f84e71f2a6d78c3d7685cb0200,c77111b18c9de699670629eea39d983a45eb0211,success,ss,success
3abc8610ca829ab162a6bfd7c379e4acec2fc62a#0,docs_src/data_block.ipynb,3abc8610ca829ab162a6bfd7c379e4acec2fc62a,778342af37109e649e2876e6fe474e878830af80,success,ss,success
3dc3d35b2ec30147f666c05e8871454155489f45#2,docs_src/callbacks.csv_logger.ipynb,3dc3d35b2ec30147f666c05e8871454155489f45,1af5beb63ff0485ab691b0dcd966dc9ad18b9a88,success,ss,success
3dc3d35b2ec30147f666c05e8871454155489f45#4,docs_src/core.ipynb,3dc3d35b2ec30147f666c05e8871454155489f45,1af5beb63ff0485ab691b0dcd966dc9ad18b9a88,success,ss,success
3dc3d35b2ec30147f666c05e8871454155489f45#11,docs_src/vision.data.ipynb,3dc3d35b2ec30147f666c05e8871454155489f45,1af5beb63ff0485ab691b0dcd966dc9ad18b9a88,success,ss,success
f852743b945088c9123139c4962364546a62a7fe#2,docs_src/vision.data.ipynb,f852743b945088c9123139c4962364546a62a7fe,a59c6bfb88cce1c7c3748bb373418a188d299c73,success,ss,success
964e4687291873d967ce247e0d08b81e5a229a56#1,docs_src/data_block.ipynb,964e4687291873d967ce247e0d08b81e5a229a56,215f2a91a8809f7d137cbe08f6931de8017e1eb5,success,ss,success
2bbbaabe934fde46cbd4bd8cb44b770f7cf7720c#3,docs_src/tabular.transform.ipynb,2bbbaabe934fde46cbd4bd8cb44b770f7cf7720c,3d52f152d7c24b572c31c5ea3cacaba14afbcc3e,success,ss,success
2bbbaabe934fde46cbd4bd8cb44b770f7cf7720c#4,docs_src/text.data.ipynb,2bbbaabe934fde46cbd4bd8cb44b770f7cf7720c,3d52f152d7c24b572c31c5ea3cacaba14afbcc3e,success,ss,success
7c5097062b6b255d90078056387e6d702d1a91ac#0,docs_src/data_block.ipynb,7c5097062b6b255d90078056387e6d702d1a91ac,340df8ecf72d8e7d9d32cccfeb53001ec1b9f9a8,success,ss,success
a1bae68f8558a1a44cc18a6e0bf4960483b585bc#0,docs_src/text_tmp.ipynb,a1bae68f8558a1a44cc18a6e0bf4960483b585bc,ceebc1f79313025605648eb037f2ee0e85a43eac,success,ss,success
e82bfa82347e3a4e39beaf97c0d25d42bbc39ae7#0,docs_src/text_tmp.ipynb,e82bfa82347e3a4e39beaf97c0d25d42bbc39ae7,f7a2a50f1569a5a77b231223c6de7d0f4f06cc48,success,ss,success
f41e08ee5f69f44b6818b6e97ca0dcbac02fdd29#0,docs_src/data_block.ipynb,f41e08ee5f69f44b6818b6e97ca0dcbac02fdd29,d4c22807fcc728830743aaa8add7dfc3ff789ebb,success,ss,success
aa65eb6198efda30d0bf1445e3311347f2f1905b#0,docs_src/data_block.ipynb,aa65eb6198efda30d0bf1445e3311347f2f1905b,9109182e6f682a5946bc2c820b026ecfa538856b,success,ss,success
e377479080dc39747532936025d4951862333854#16,docs_src/vision.data.ipynb,e377479080dc39747532936025d4951862333854,4f1e872a96fbf51ee5f48c2722dc105b9c6ada35,success,ss,success
e377479080dc39747532936025d4951862333854#20,docs_src/vision.transform.ipynb,e377479080dc39747532936025d4951862333854,4f1e872a96fbf51ee5f48c2722dc105b9c6ada35,success,ss,success
c249721ebe977e6c575074242936ba44e04182fb#4,docs_src/training.ipynb,c249721ebe977e6c575074242936ba44e04182fb,c465c3f6bdc1c769d08f9cc0e0804d2d32d852f3,success,ss,success
2b938bfdafe82152d83ec77cf4e71d9aef99487e#1,docs_src/text.data.ipynb,2b938bfdafe82152d83ec77cf4e71d9aef99487e,51eca8a8a3b509e708cd4421fdd2608bb88d5352,success,ss,success
bbcd4e0ce5614630aed31695af92df139d3c489f#1,courses/dl1/cifar10-simplenet.ipynb,bbcd4e0ce5614630aed31695af92df139d3c489f,6547c52b8a9aec55675406d38ca6d5eefec922b0,success,ss,success
bbcd4e0ce5614630aed31695af92df139d3c489f#38,courses/dl2/style-transfer.ipynb,bbcd4e0ce5614630aed31695af92df139d3c489f,6547c52b8a9aec55675406d38ca6d5eefec922b0,success,ss,success
f94292e64ea822d2a6b2b51977dd2e56e0ded719#0,courses/dl1/lesson1.ipynb,f94292e64ea822d2a6b2b51977dd2e56e0ded719,48da9abf401065c7e4d8d413d0c4465689c510ea,success,ss,success
64aea869ea5c5ab80c41cb5be624fbe19d43f9c1#1,courses/dl2/enhance.ipynb,64aea869ea5c5ab80c41cb5be624fbe19d43f9c1,2eb29a3ed6284a156f252203c481da819801cad7,success,ss,success
742a9f62e67a484a7f44e0db9fbb9dd6c179ef0b#0,courses/dl2/enhance.ipynb,742a9f62e67a484a7f44e0db9fbb9dd6c179ef0b,c103b30aa1eb89228fff6544d2d106596e7c9632,success,ss,success
8f18b021a7f0ea11880aa0559cf1df3148229419#2,courses/dl2/wgan.ipynb,8f18b021a7f0ea11880aa0559cf1df3148229419,85637273642fd7c87a14d9d5920b226eedd36e4c,success,ss,success
a6926d47ed83641eee0c53a2d8137e31a82aba28#0,courses/dl1/lesson7-CAM.ipynb,a6926d47ed83641eee0c53a2d8137e31a82aba28,98207d4b7d7a07ff898b98e807c8e87358be3475,success,ss,success
a6926d47ed83641eee0c53a2d8137e31a82aba28#1,courses/dl2/carvana.ipynb,a6926d47ed83641eee0c53a2d8137e31a82aba28,98207d4b7d7a07ff898b98e807c8e87358be3475,success,ss,success
112b232e7de8857a4934112d8ab5081b9a051c8f#1,courses/dl2/pascal-multi.ipynb,112b232e7de8857a4934112d8ab5081b9a051c8f,fc44645b4f4647cbb458d0137d45c32b9a3067c4,success,ss,success
fc44645b4f4647cbb458d0137d45c32b9a3067c4#2,courses/dl2/pascal-multi.ipynb,fc44645b4f4647cbb458d0137d45c32b9a3067c4,44c6bf174ed7746d4ce0a4701da4910e62fd9216,success,ss,success
edab9efd388659eb52d313f85c76a22bd0767954#1,courses/dl1/test_transforms.ipynb,edab9efd388659eb52d313f85c76a22bd0767954,9b4f86227d29b826595c8059372269c158adb665,success,ss,success
131e230dd915b0998b8afe9603a183c001422da8#0,courses/dl1/lesson6-rnn.ipynb,131e230dd915b0998b8afe9603a183c001422da8,9b4f86227d29b826595c8059372269c158adb665,success,ss,success
a48668b850d613664bb487071918f54c830a435e#0,courses/dl1/lesson4-imdb.ipynb,a48668b850d613664bb487071918f54c830a435e,f29390545b297b2fa0784220b524cac2be3002d8,success,ss,success
ea9c07a0c49a4714e51ba3b8016157f034803bb4#1,courses/dl1/lesson6-rnn.ipynb,ea9c07a0c49a4714e51ba3b8016157f034803bb4,2ae9a1c93cb28512486d48f5dda89739e3c81ea7,success,ss,success
052bf674c244784ce68e46981af63e9e9fead210#0,courses/dl1/cifar10.ipynb,052bf674c244784ce68e46981af63e9e9fead210,d9f9fab4b3fbeab8a207700160a782ae48eacc7a,success,ss,success
052bf674c244784ce68e46981af63e9e9fead210#3,courses/dl1/lesson6-rnn.ipynb,052bf674c244784ce68e46981af63e9e9fead210,d9f9fab4b3fbeab8a207700160a782ae48eacc7a,success,ss,success
564bbda2f536bce6295dbbff6e35e817f4b93a3b#2,courses/dl1/lesson6-rnn.ipynb,564bbda2f536bce6295dbbff6e35e817f4b93a3b,50c612452d4a06868da243888cc6d008fe8a05b5,success,ss,success
5200d2669d30364ac530a2e9362000c31a7cb97e#1,courses/ml1/lesson4-mnist_sgd.ipynb,5200d2669d30364ac530a2e9362000c31a7cb97e,8aec0ae74b233829bbac197b9869716d7d625e5b,success,ss,success
c221ccbdb24edaebc6daa107df9a58c1ff3f82a3#2,courses/ml1/lesson4-mnist_sgd.ipynb,c221ccbdb24edaebc6daa107df9a58c1ff3f82a3,fee85a648907f567d0976c10a85a915db60e5cd0,success,ss,success
77e3bc604236b35e6cccada18dec25f5de56a755#0,courses/dl1/lesson3-rossman.ipynb,77e3bc604236b35e6cccada18dec25f5de56a755,52dc4bcb8ce1d96ee78eb4ecba01c7ecf08cd73f,success,ss,success
3d1b755322e913b5a3feb192beac9c34ff35bf4f#0,courses/dl1/keras_lesson1.ipynb,3d1b755322e913b5a3feb192beac9c34ff35bf4f,8e1b8cfcaf74a916802f917ea89ca01a2ff25953,success,ss,success
e1c16d8e29de33860f7cada84482d43a27b2fd71#0,courses/dl1/test_transforms.ipynb,e1c16d8e29de33860f7cada84482d43a27b2fd71,a48836ae6afa27d1c1d732a60ac278cbb031436e,success,ss,success
e60baee682d53d796ea63a514eaddf3f8c85840b#0,courses/dl1/lesson1.ipynb,e60baee682d53d796ea63a514eaddf3f8c85840b,3ca88bd0ebc49a269fbcf3eb9888e37d6150e0d1,success,ss,success
db55e7cba6994b1af137be1bbc2af12f880cf8a1#1,courses/dl1/lesson1.ipynb,db55e7cba6994b1af137be1bbc2af12f880cf8a1,5632326986a6237bf0d61e0c3fa21f9e404ff8d1,success,ss,success
3e9f1021dde2b731ce13493ecfb96db1e46da73d#0,courses/dl1/lesson1-workshop.ipynb,3e9f1021dde2b731ce13493ecfb96db1e46da73d,e23409e75b40de32712be9343241b39d1b25f578,success,ss,success
3e9f1021dde2b731ce13493ecfb96db1e46da73d#2,courses/dl1/lesson2-image_models.ipynb,3e9f1021dde2b731ce13493ecfb96db1e46da73d,e23409e75b40de32712be9343241b39d1b25f578,success,ss,success
be7bcc5e25322af8d398a7a89ee2dec61a08e664#0,courses/dl1/lesson1-workshop.ipynb,be7bcc5e25322af8d398a7a89ee2dec61a08e664,e345d5ad2102183350ed6ca0231ff5bc6ebe8fdd,success,ss,success
486c5a55713c410a632e4ca554491bf804554747#0,courses/dl1/rossman.ipynb,486c5a55713c410a632e4ca554491bf804554747,bcff12c2b1f86a9aa5f2575f8bc300d31e9c829a,success,ss,success
4cdc5475e629aa4658f7dc8f2d101ffcbe9f5fab#0,courses/dl1/rossman.ipynb,4cdc5475e629aa4658f7dc8f2d101ffcbe9f5fab,bed69ae6b22b4e1947faa9b2e9513872a1dacebf,success,ss,success
4cdc5475e629aa4658f7dc8f2d101ffcbe9f5fab#2,courses/ml1/lesson1-2.ipynb,4cdc5475e629aa4658f7dc8f2d101ffcbe9f5fab,bed69ae6b22b4e1947faa9b2e9513872a1dacebf,success,ss,success
3f426336fea1f866213750f6ffb5cb17e35ff728#1,courses/dl1/test_transforms.ipynb,3f426336fea1f866213750f6ffb5cb17e35ff728,bed69ae6b22b4e1947faa9b2e9513872a1dacebf,success,ss,success
d3a07aa1e1de513669248acd9c9ffb36fb789f09#0,courses/ml1/lesson2.ipynb,d3a07aa1e1de513669248acd9c9ffb36fb789f09,ee13c2cf0bf5b58c00f3b6aefe870f0133f7266c,success,ss,success
5300b154af0641580f67708eeb26d981fdf465d1#0,courses/dl1/test_transforms.ipynb,5300b154af0641580f67708eeb26d981fdf465d1,23faf6666a2e52391b2a20eb7eb05356404a26ed,success,ss,success
f93ddafcdfdc0f96ed059af0eff59a10b2726dca#0,courses/ml1/lesson1.ipynb,f93ddafcdfdc0f96ed059af0eff59a10b2726dca,706d37e7ba2ea88e64be3a5789f825371924798e,success,ss,success
c7126f61ef305fe6a149d2bb7362b67229d44aa7#1,courses/ml1/lesson1.ipynb,c7126f61ef305fe6a149d2bb7362b67229d44aa7,c1e2a9bf48ef316e202688a3e4793cd4329f23c4,success,ss,success
fab1a410ea560f0f6cea300fa6d5baff7802a169#1,courses/dl1/rossman.ipynb,fab1a410ea560f0f6cea300fa6d5baff7802a169,bfd2468eca58d67bcc5c8ab6a4b76f773de5565a,success,ss,success
4840930dc664dfd458737ad49fcaa58abc1bbe76#0,courses/ml1/lesson1.ipynb,4840930dc664dfd458737ad49fcaa58abc1bbe76,bfd2468eca58d67bcc5c8ab6a4b76f773de5565a,success,ss,success
9dcd156e7928014c4ac32adac8a01c4364885b1a#0,courses/dl1/lang_model.ipynb,9dcd156e7928014c4ac32adac8a01c4364885b1a,c3b4088b816d06a26ac9e3780ef7947a940d93fa,success,ss,success
1919702e6df0e3004a59f528c7e02dad8f05a3b7#0,courses/dl1/fish.ipynb,1919702e6df0e3004a59f528c7e02dad8f05a3b7,79d7dc6beb02bf568693cf016b3a953616efe2c8,success,ss,success
950619788ab2b4d6903bc444a5815efe57cee1bf#0,tutorials/linalg_pytorch.ipynb,950619788ab2b4d6903bc444a5815efe57cee1bf,768bf6fb609d84e9ca26572448529f56799d5701,success,ss,success
340b7c748569f7e36c381f058e23bddc90d16f6c#0,courses/dl1/lesson1.ipynb,340b7c748569f7e36c381f058e23bddc90d16f6c,eb9a00d7834fd7cc82cfdcd595c0cd813bd75131,success,ss,success
eb9a00d7834fd7cc82cfdcd595c0cd813bd75131#0,courses/dl1/lesson1-sgd.ipynb,eb9a00d7834fd7cc82cfdcd595c0cd813bd75131,768bf6fb609d84e9ca26572448529f56799d5701,success,ss,success
ab54f6fba1666fdb649c573adb8086be35afcc9f#0,tutorials/linalg_pytorch.ipynb,ab54f6fba1666fdb649c573adb8086be35afcc9f,48296ad8b840c288b8bb3bf94752b792875c5d97,success,ss,success
7c5f9412bf9771e7fd852b0c4ec556924c664c02#0,tutorials/linalg_pytorch.ipynb,7c5f9412bf9771e7fd852b0c4ec556924c664c02,b39bdbc8dbbb6ca8679e243300e389b63d4991c3,success,ss,success
ebb38c70518189f62d8c935135ce1f9b3324c879#0,courses/dl1/lesson1.ipynb,ebb38c70518189f62d8c935135ce1f9b3324c879,6423efee6e359016e0b87e68befdc6adfb8f6d8f,success,ss,success
3a7a20c9e823cfafc85458777d4227926e3cf003#0,tutorials/linalg_pytorch.ipynb,3a7a20c9e823cfafc85458777d4227926e3cf003,fe8773282b0529b404a9dea8c85f5ac8ef86beea,success,ss,success
fc6af69a2496436cc82e68f82edc69b8fd8a98b3#0,tutorials/linalg_pytorch.ipynb,fc6af69a2496436cc82e68f82edc69b8fd8a98b3,6be5ad45719ce0638ade873684ffb96b34ffbb53,success,ss,success
d3f05e02fad4eea1d83903474faa1c88bfe49f48#0,code/chap10preview.ipynb,d3f05e02fad4eea1d83903474faa1c88bfe49f48,2719fe59d328a93b1462d397b500a477f8b88ce1,success,ss,success
c4ea7ce427f3cccef458d46c181a4ae5f9559ea3#0,code/chap11.ipynb,c4ea7ce427f3cccef458d46c181a4ae5f9559ea3,1923bfe6694cc34c9c54aa76cfd69acff5e7c9cf,success,ss,success
c4ea7ce427f3cccef458d46c181a4ae5f9559ea3#1,code/chap11soln.ipynb,c4ea7ce427f3cccef458d46c181a4ae5f9559ea3,1923bfe6694cc34c9c54aa76cfd69acff5e7c9cf,success,ss,success
5d951619cd7d9ae1d7d63697a66ca06d02fc9f14#1,code/chap09soln.ipynb,5d951619cd7d9ae1d7d63697a66ca06d02fc9f14,3ff701e4b9869e019affd757a24002ea5a40fd8d,success,ss,success
3ff701e4b9869e019affd757a24002ea5a40fd8d#4,code/chap08.ipynb,3ff701e4b9869e019affd757a24002ea5a40fd8d,6c34c65e36a6ae0c350d684e907a243215f9856a,success,ss,success
fcb5216ab348a1256e7fa79e57b7c3887df0c4ab#0,code/chap04.ipynb,fcb5216ab348a1256e7fa79e57b7c3887df0c4ab,37dfa20ae510d820161357193f2940d5262f62a0,success,ss,success
90e4b3195e527253e246dbbce3d9e5192048db44#2,code/chap01soln.ipynb,90e4b3195e527253e246dbbce3d9e5192048db44,75ed0c175d38904fd7a3072c7b7469c20d078eab,success,ss,success
90e4b3195e527253e246dbbce3d9e5192048db44#3,code/chap02.ipynb,90e4b3195e527253e246dbbce3d9e5192048db44,75ed0c175d38904fd7a3072c7b7469c20d078eab,success,ss,success
90e4b3195e527253e246dbbce3d9e5192048db44#4,code/chap02soln.ipynb,90e4b3195e527253e246dbbce3d9e5192048db44,75ed0c175d38904fd7a3072c7b7469c20d078eab,success,ss,success
4ea1056cb058281d8a6d99cbc678ffbb19f1acb0#1,code/chap04soln.ipynb,4ea1056cb058281d8a6d99cbc678ffbb19f1acb0,06ba5564d370931bfd712f1d8d7e6b995385bbd4,success,ss,success
4ea1056cb058281d8a6d99cbc678ffbb19f1acb0#4,code/chap10.ipynb,4ea1056cb058281d8a6d99cbc678ffbb19f1acb0,06ba5564d370931bfd712f1d8d7e6b995385bbd4,success,ss,success
37ab5c62ca0c7f0ec6b72e61964c1b6115e22e7c#0,code/chap09.ipynb,37ab5c62ca0c7f0ec6b72e61964c1b6115e22e7c,6b90fcb9df17555a572e5a43a983937f48e28edf,success,ss,success
d600709e0d617efaa5a0a19970547b08528c3cd5#0,code/chap08.ipynb,d600709e0d617efaa5a0a19970547b08528c3cd5,6c844b41eefa6f6c7a17546b41b449c04e2ebc3c,success,ss,success
7122b76beb46bd56f4731d2522ee5598292568e6#0,code/saxophone.ipynb,7122b76beb46bd56f4731d2522ee5598292568e6,5f8505b92f9206a9a6df10b5969a699ade0368df,success,ss,success
0b35368148c69c3d2773dc4ba8543d35acd976a7#0,code/chap06.ipynb,0b35368148c69c3d2773dc4ba8543d35acd976a7,31b1c958618741d279e9125527447140768dda57,success,ss,success
30b5a8cac55d4c23cca9415ca44f92f879a33def#0,code/chap05soln.ipynb,30b5a8cac55d4c23cca9415ca44f92f879a33def,51a8cbd5c747bf24d3ece3df0bb56924084d9b8d,success,ss,success
418001f60d5507db24655c61c88be630113e1788#0,code/chap05.ipynb,418001f60d5507db24655c61c88be630113e1788,bd63ed2caefe9079f8e1076b354d1a0ce6d3b2fa,success,ss,success
86f9083d0d6f8178ed7bbbbbf705f6427512f895#2,code/chap02soln.ipynb,86f9083d0d6f8178ed7bbbbbf705f6427512f895,21f3113e2ef892cd6121853d3c436b6887b43693,success,ss,success
f3e21cc5a67534f8077bd64145efc89827c9d531#0,code/chap03.ipynb,f3e21cc5a67534f8077bd64145efc89827c9d531,c9e41bb61d1ebacb75c6854c8a07a8012ceceffd,success,ss,success
f3e21cc5a67534f8077bd64145efc89827c9d531#1,code/chap03soln.ipynb,f3e21cc5a67534f8077bd64145efc89827c9d531,c9e41bb61d1ebacb75c6854c8a07a8012ceceffd,success,ss,success
cc9b668fd3721c75561065c5a107870bb73ff2b5#0,code/chap09.ipynb,cc9b668fd3721c75561065c5a107870bb73ff2b5,b01537740fa384413f0369df0e8d1864e4d9ec75,success,ss,success
4b1b85b76b3bc3ad0d3da7b2a1668571b8152075#0,code/chap09.ipynb,4b1b85b76b3bc3ad0d3da7b2a1668571b8152075,353d6e0aa89b2683886728cc0ce8b06edf5fee3b,success,ss,success
ef797f19ab6c427284728658a676bf9010f2bd83#0,code/chap09preview.ipynb,ef797f19ab6c427284728658a676bf9010f2bd83,9f6d37b810627386db8593fc0ef47593b79a38fc,success,ss,success
a9e67e3bba2cdc0dc5ea0a6cbb5c161b853137bb#0,code/chap06.ipynb,a9e67e3bba2cdc0dc5ea0a6cbb5c161b853137bb,30caf993c6bc2c82270acc0d82e5c4d8254063d3,success,ss,success
a9e67e3bba2cdc0dc5ea0a6cbb5c161b853137bb#1,code/chap06soln.ipynb,a9e67e3bba2cdc0dc5ea0a6cbb5c161b853137bb,30caf993c6bc2c82270acc0d82e5c4d8254063d3,success,ss,success
b7d9731656505f4e63f588edf9808f1afaa9c756#2,code/chap04soln.ipynb,b7d9731656505f4e63f588edf9808f1afaa9c756,8dc5af5e5d5d5f980f7a4d8c6fc639804471b0a1,success,ss,success
97e8b775c5b68466d9df39962eee274f8e00d1b1#0,code/chap04.ipynb,97e8b775c5b68466d9df39962eee274f8e00d1b1,336c85924c9240005dd65b96ac97b3758e284fee,success,ss,success
da16259fe10b945ed5fd07f5a17d1c3528b9c644#0,code/chap01.ipynb,da16259fe10b945ed5fd07f5a17d1c3528b9c644,7078e744e9a89a961d75db9bf6150563bfac5cc7,success,ss,success
